frequency(VT("/Y_square")) X,frequency(VT("/Y_square")) Y
0.7000000000000001,24620460.33030815
0.875,88435137.75474511
1.05,194622602.1205397
1.225,340270057.0605989
1.4,499947874.9309244
