frequency(VT("/Y_square")) X,frequency(VT("/Y_square")) Y
0.7000000000000001,24620460.43502964
0.875,88435119.53112714
1.05,194622588.6602472
1.225,340270097.5024586
1.4,499947885.4868557
