Frequency X,Frequency Y
0.7000000000000001,26821334.22395651
0.875,96652855.19535807
1.05,212398599.7291228
1.225,370708283.964063
1.4,544586458.3917309
