Frequency X,Frequency Y
0.7000000000000001,37898297.58348827
0.84,113960051.2725623
0.98,234771511.2009282
1.12,406040129.376652
1.26,611404012.9945875
1.4,817100000.768976
