Y_frequency X,Y_frequency Y
0.7000000000000001,44228813.90772264
0.7583333,77613640.29921493
0.8166667,121118809.8175189
0.875,174923949.7405981
0.9,201281940.0978775
0.9333333,239675366.9185374
0.9916667,316101951.1008714
1.05,404083855.3032713
1.108333,502112487.1727819
1.166667,607597861.3375095
1.225,717086861.2164993
1.283333,826979345.5609752
1.341667,934303337.6125306
1.4,1036971418.71904
