frequency(VT("/Y_square")) X,frequency(VT("/Y_square")) Y
0.7000000000000001,26859699.12231929
0.875,96615975.11418965
1.05,212320693.8712533
1.225,370582178.5658384
1.4,544419895.2335343
