Power X,Power Y
0.7000000000000001,0.002479176996500217
0.84,0.004176448287201243
0.98,0.006253850506664312
1.12,0.008847755748964004
1.26,0.01158273179694198
1.4,0.01422650747868807
