Power X,Power Y
0.7000000000000001,0.004696137588662862
0.875,0.006981529992456077
1.05,0.01025033982380323
1.225,0.01415780888556602
1.4,0.01807420694061532
